"","accuracy","costValue","Scenario"
"1",0.852413793103448,100,"CS1"
"2",0.848275862068966,100,"CS2"
"3",0.877241379310345,10,"CS3"
"4",0.896551724137931,1,"CS4"
